{
  "uuid": "a676f538-1425-382a-a1b8-72f5bf00b0f0",
  "starterPrompted": true,
  "starterLocked": false,
  "starterSelected": true,
  "starterUUID": "0722a468-6b0e-4ed9-8a8c-245565bd5686",
  "keyItems": [],
  "battleTheme": "cobblemon:battle.pvp.default",
  "extraData": {
    "koStreak": {
      "name": "koStreak",
      "species": "",
      "count": 0
    },
    "koCount": {
      "name": "koCount",
      "defeats": {}
    },
    "captureStreak": {
      "name": "captureStreak",
      "species": "spinda",
      "count": 1
    },
    "captureCount": {
      "name": "captureCount",
      "defeats": {
        "spinda": 1
      }
    },
    "cobblenavPlayerStatsData": {
      "name": "cobblenavPlayerStatsData",
      "totalPvpCount": 0,
      "startDate": 1717629492100,
      "gymBadges": [],
      "pokemonUsage": {
        "0722a468-6b0e-4ed9-8a8c-245565bd5686": 1
      }
    }
  },
  "advancementData": {
    "totalCaptureCount": 1,
    "totalEggsHatched": 0,
    "totalEvolvedCount": 0,
    "totalBattleVictoryCount": 1,
    "totalPvPBattleVictoryCount": 0,
    "totalPvWBattleVictoryCount": 1,
    "totalPvNBattleVictoryCount": 0,
    "totalShinyCaptureCount": 0,
    "totalTradedCount": 0,
    "totalTypeCaptureCounts": {
      "normal": 1
    },
    "totalDefeatedCounts": {},
    "aspectsCollected": {}
  }
}