{
  "uuid": "9161964d-2a58-35d8-9f1b-0e2c1f639350",
  "starterPrompted": true,
  "starterLocked": false,
  "starterSelected": true,
  "starterUUID": "6a98bb30-a89d-4eb2-b280-4b484f9aef09",
  "keyItems": [],
  "battleTheme": "cobblemon:battle.pvp.default",
  "extraData": {
    "koStreak": {
      "name": "koStreak",
      "species": "combee",
      "count": 1
    },
    "koCount": {
      "name": "koCount",
      "defeats": {
        "spinarak": 1,
        "taillow": 1,
        "combee": 2,
        "metapod": 1,
        "kakuna": 1,
        "parasect": 1,
        "rookidee": 1,
        "shedinja": 1,
        "fomantis": 1
      }
    },
    "captureStreak": {
      "name": "captureStreak",
      "species": "",
      "count": 0
    },
    "captureCount": {
      "name": "captureCount",
      "defeats": {}
    },
    "cobblenavPlayerStatsData": {
      "name": "cobblenavPlayerStatsData",
      "totalPvpCount": 0,
      "startDate": 1717629211486,
      "gymBadges": [],
      "pokemonUsage": {
        "6a98bb30-a89d-4eb2-b280-4b484f9aef09": 12
      }
    }
  },
  "advancementData": {
    "totalCaptureCount": 0,
    "totalEggsHatched": 0,
    "totalEvolvedCount": 1,
    "totalBattleVictoryCount": 10,
    "totalPvPBattleVictoryCount": 0,
    "totalPvWBattleVictoryCount": 10,
    "totalPvNBattleVictoryCount": 0,
    "totalShinyCaptureCount": 0,
    "totalTradedCount": 0,
    "totalTypeCaptureCounts": {},
    "totalDefeatedCounts": {
      "cobblemon:spinarak": 1,
      "cobblemon:taillow": 1,
      "cobblemon:combee": 2,
      "cobblemon:metapod": 1,
      "cobblemon:kakuna": 1,
      "cobblemon:parasect": 1,
      "cobblemon:rookidee": 1,
      "cobblemon:shedinja": 1,
      "cobblemon:fomantis": 1
    },
    "aspectsCollected": {}
  }
}