{"stats":{"minecraft:custom":{"minecraft:time_since_rest":0,"minecraft:sprint_one_cm":75942,"minecraft:damage_taken":1023,"minecraft:walk_one_cm":37476,"minecraft:mob_kills":1,"minecraft:drop":3,"minecraft:damage_dealt":105,"minecraft:swim_one_cm":11708,"minecraft:interact_with_crafting_table":2,"minecraft:fly_one_cm":93662,"minecraft:crouch_one_cm":728,"minecraft:play_time":21915,"minecraft:deaths":4,"minecraft:sneak_time":289,"minecraft:walk_under_water_one_cm":3284,"minecraft:jump":489,"minecraft:leave_game":4,"minecraft:time_since_death":1054,"minecraft:walk_on_water_one_cm":10598,"minecraft:sleep_in_bed":4,"minecraft:total_world_time":21915,"minecraft:fall_one_cm":10203},"minecraft:killed":{"minecraft:sheep":1},"minecraft:crafted":{"minecraft:crafting_table":1,"minecraft:stick":4,"minecraft:iron_pickaxe":1,"minecraft:birch_planks":20},"minecraft:picked_up":{"minecraft:birch_log":5,"minecraft:crafting_table":2,"cobblemon:pc":1,"minecraft:black_bed":2,"minecraft:red_mushroom":1,"minecraft:gravel":1,"minecraft:flint":1,"cobblemon:healing_machine":1,"cobblemon:white_apricorn":4,"minecraft:wheat_seeds":2,"cobblemon:white_apricorn_seed":1,"minecraft:iron_ingot":5,"minecraft:mutton":1,"minecraft:coal":2,"minecraft:white_wool":1,"minecraft:cobblestone":39,"minecraft:egg":1},"minecraft:mined":{"minecraft:large_fern":1,"cobblemon:healing_machine":1,"minecraft:birch_log":5,"cobblemon:pc":1,"minecraft:black_bed":2,"minecraft:crafting_table":2,"minecraft:grass":9,"minecraft:coal_ore":2,"minecraft:gravel":2,"minecraft:stone":40,"minecraft:red_mushroom":1},"minecraft:killed_by":{"minecraft:player":1,"minecraft:skeleton":1,"minecraft:creeper":2},"minecraft:used":{"minecraft:iron_pickaxe":48,"cobblemon:pc":1,"minecraft:cobblestone":2,"minecraft:crafting_table":2,"minecraft:egg":1,"minecraft:black_bed":3,"cobblemon:healing_machine":1},"minecraft:dropped":{"minecraft:wheat_seeds":2,"minecraft:red_mushroom":1}},"DataVersion":3465}