{"stats":{"minecraft:custom":{"minecraft:mob_kills":8,"minecraft:interact_with_crafting_table":4,"minecraft:leave_game":7,"minecraft:time_since_death":668,"minecraft:climb_one_cm":1375,"minecraft:time_since_rest":696,"minecraft:sprint_one_cm":130263,"minecraft:damage_taken":3130,"minecraft:walk_one_cm":93055,"minecraft:drop":8,"minecraft:damage_dealt":2730,"minecraft:swim_one_cm":89872,"minecraft:fly_one_cm":220337,"minecraft:player_kills":2,"minecraft:open_chest":3,"minecraft:play_time":58940,"minecraft:deaths":12,"minecraft:sneak_time":208,"minecraft:walk_under_water_one_cm":17693,"minecraft:jump":1140,"minecraft:walk_on_water_one_cm":28222,"minecraft:total_world_time":58940,"minecraft:fall_one_cm":35940},"minecraft:killed":{"minecraft:sheep":2,"minecraft:skeleton":1,"minecraft:zombie":2,"minecraft:chicken":1,"minecraft:player":2,"minecraft:enderman":1},"minecraft:crafted":{"minecraft:crafting_table":1,"minecraft:wooden_pickaxe":1,"minecraft:iron_sword":1,"minecraft:birch_planks":52,"minecraft:stone_axe":1,"minecraft:iron_axe":1,"minecraft:stick":28,"minecraft:stone_pickaxe":1,"minecraft:iron_pickaxe":1,"minecraft:wooden_axe":1},"minecraft:picked_up":{"minecraft:birch_log":20,"minecraft:crafting_table":4,"minecraft:chicken":2,"minecraft:andesite":1,"minecraft:black_bed":2,"minecraft:red_mushroom":6,"minecraft:dirt":32,"cobblemon:white_apricorn":8,"minecraft:wheat_seeds":2,"cobblemon:black_apricorn":7,"cobblemon:white_apricorn_seed":1,"cobblemon:relic_coin":39,"minecraft:birch_sapling":5,"minecraft:acacia_sapling":1,"minecraft:raw_iron":3,"cobblemon:black_apricorn_seed":1,"minecraft:lily_of_the_valley":1,"minecraft:mossy_cobblestone":2,"minecraft:rotten_flesh":2,"cobblemon:poke_ball":1,"minecraft:stone_axe":1,"minecraft:black_wool":1,"minecraft:mutton":4,"cobblemon:blue_apricorn":3,"minecraft:white_wool":1,"minecraft:cobblestone":30},"minecraft:mined":{"minecraft:mossy_cobblestone":2,"minecraft:lily_of_the_valley":1,"minecraft:crafting_table":4,"minecraft:grass_block":1,"minecraft:mushroom_stem":3,"minecraft:cobblestone":14,"minecraft:large_fern":3,"minecraft:birch_log":21,"minecraft:iron_ore":3,"minecraft:andesite":1,"minecraft:birch_leaves":1,"minecraft:black_bed":2,"minecraft:grass":30,"minecraft:red_mushroom_block":52,"minecraft:stone":16,"minecraft:fern":4},"minecraft:killed_by":{"minecraft:player":3,"minecraft:skeleton":2,"minecraft:creeper":2,"minecraft:zombie":1,"minecraft:pillager":1,"minecraft:enderman":2},"minecraft:used":{"minecraft:stone_pickaxe":22,"minecraft:wooden_pickaxe":15,"minecraft:iron_sword":20,"minecraft:mossy_cobblestone":2,"minecraft:dirt":1,"minecraft:mutton":4,"minecraft:crafting_table":4,"cobblemon:black_apricorn_seed":1,"minecraft:black_bed":2,"minecraft:wooden_axe":17,"minecraft:iron_axe":86,"minecraft:chicken":1,"minecraft:iron_pickaxe":2,"minecraft:stone_axe":27,"minecraft:birch_log":7},"minecraft:dropped":{"minecraft:iron_ingot":5,"minecraft:stone_axe":1,"minecraft:birch_sapling":5,"minecraft:dirt":1}},"DataVersion":3465}