{"stats":{"minecraft:dropped":{"minecraft:stone_axe":1,"minecraft:kelp":1,"minecraft:wheat_seeds":6,"minecraft:light_gray_terracotta":12,"minecraft:rotten_flesh":4,"minecraft:red_mushroom":2,"minecraft:stick":2,"minecraft:dirt":4,"minecraft:torch":2,"cobblemon:healing_machine":1,"minecraft:wooden_axe":1,"minecraft:spider_eye":1,"cobblemon:pc":1,"minecraft:stone_pickaxe":1,"minecraft:wooden_pickaxe":1},"minecraft:mined":{"minecraft:large_amethyst_bud":1,"minecraft:flowering_azalea":1,"minecraft:cyan_terracotta":220,"cobblemon:dawn_stone_ore":1,"minecraft:dark_oak_log":7,"minecraft:clay":10,"minecraft:crafting_table":2,"minecraft:light_gray_terracotta":13,"minecraft:acacia_log":1,"minecraft:calcite":130,"minecraft:grass_block":7,"minecraft:tall_grass":4,"minecraft:kelp":1,"minecraft:red_mushroom":2,"minecraft:wall_torch":1,"minecraft:large_fern":12,"minecraft:tall_seagrass":1,"minecraft:raw_iron_block":22,"minecraft:birch_log":3,"minecraft:sweet_berry_bush":3,"minecraft:yellow_bed":1,"minecraft:grass":21,"minecraft:coal_ore":7,"minecraft:stone":40,"minecraft:fern":2},"minecraft:used":{"minecraft:calcite":308,"minecraft:cooked_mutton":16,"minecraft:iron_shovel":10,"minecraft:spruce_door":5,"minecraft:spruce_slab":32,"minecraft:stone_pickaxe":130,"cobblemon:monitor":10,"minecraft:oak_planks":151,"minecraft:chest":22,"minecraft:oak_sign":4,"betterend:helix_tree_fence":17,"cobblemon:black_gilded_chest":2,"minecraft:spruce_planks":1,"minecraft:wooden_pickaxe":9,"minecraft:stonecutter":2,"cobblemon:display_case":5,"minecraft:quartz_stairs":88,"minecraft:crafting_table":4,"minecraft:campfire":2,"minecraft:spruce_stairs":168,"minecraft:black_bed":3,"minecraft:light_gray_terracotta":1,"handcrafted:spruce_side_table":3,"cobblemon:restoration_tank":2,"minecraft:raw_iron_block":22,"minecraft:spruce_fence":15,"betternether:flaming_ruby_sword":4,"cobblemon:healing_machine":8,"betterend:end_lotus_chest":1,"minecraft:oak_log":33,"minecraft:glass":41,"minecraft:wooden_axe":1,"cobblemon:white_gilded_chest":6,"minecraft:flower_pot":2,"cobblemon:apricorn_leaves":7,"minecraft:flowering_azalea":1,"minecraft:cyan_terracotta":164,"automobility:dash_panel":4,"betterend:flavolite_lantern":8,"betterend:andesite_pedestal":5,"minecraft:dark_oak_log":77,"minecraft:iron_axe":22,"minecraft:lantern":18,"minecraft:grass_block":80,"betterend:diorite_pedestal":2,"minecraft:iron_pickaxe":305,"minecraft:spruce_trapdoor":4,"minecraft:item_frame":12,"handcrafted:dark_oak_bench":7,"cobblemon:gimmighoul_chest":2,"minecraft:stone_axe":21,"cobblemon:pc":16,"betterend:helix_tree_stairs":27,"betterend:quartz_pedestal":2,"minecraft:sweet_berries":11,"cobblemon:fossil_analyzer":3,"minecraft:furnace":3,"minecraft:white_stained_glass":2,"minecraft:glass_pane":5,"handcrafted:dark_oak_table":12},"minecraft:broken":{"minecraft:iron_pickaxe":1},"minecraft:crafted":{"minecraft:raw_iron":198,"minecraft:crafting_table":1,"minecraft:wooden_pickaxe":1,"minecraft:furnace":2,"minecraft:birch_planks":16,"minecraft:stone_axe":1,"minecraft:air":0,"minecraft:iron_axe":1,"minecraft:stick":12,"minecraft:iron_ingot":16,"minecraft:iron_pickaxe":1,"minecraft:stone_pickaxe":1,"minecraft:wooden_axe":1,"minecraft:iron_shovel":1},"minecraft:custom":{"minecraft:interact_with_furnace":9,"minecraft:mob_kills":8,"minecraft:interact_with_crafting_table":11,"minecraft:pot_flower":2,"minecraft:interact_with_stonecutter":1,"minecraft:leave_game":6,"minecraft:time_since_death":126671,"minecraft:sleep_in_bed":8,"minecraft:climb_one_cm":2483,"minecraft:time_since_rest":7022,"minecraft:sprint_one_cm":311447,"minecraft:damage_taken":1101,"minecraft:walk_one_cm":240427,"minecraft:drop":21,"minecraft:damage_dealt":2335,"minecraft:player_kills":4,"minecraft:swim_one_cm":47194,"minecraft:fly_one_cm":1208660,"minecraft:open_chest":63,"minecraft:crouch_one_cm":25668,"minecraft:play_time":158719,"minecraft:deaths":1,"minecraft:sneak_time":5620,"minecraft:walk_under_water_one_cm":2662,"minecraft:jump":2122,"minecraft:walk_on_water_one_cm":6657,"minecraft:total_world_time":158719,"minecraft:fall_one_cm":67177},"minecraft:killed":{"cobblemon:pokemon":4,"minecraft:spider":1,"minecraft:creeper":1,"minecraft:zombie":2,"minecraft:player":4},"minecraft:picked_up":{"minecraft:birch_log":4,"minecraft:crafting_table":2,"minecraft:feather":2,"minecraft:chicken":2,"minecraft:clay_ball":40,"minecraft:red_mushroom":2,"cobblemon:razz_berry":7,"minecraft:yellow_bed":1,"minecraft:gunpowder":1,"minecraft:dirt":7,"minecraft:item_frame":1,"minecraft:oak_sign":2,"minecraft:kelp":1,"minecraft:wheat_seeds":6,"minecraft:iron_ingot":64,"cobblemon:oran_berry":6,"cobblemon:relic_coin":66,"minecraft:calcite":121,"minecraft:flowering_azalea":1,"minecraft:stick":2,"minecraft:sweet_berries":11,"minecraft:torch":2,"minecraft:raw_iron_block":22,"betterend:flavolite_lantern":1,"minecraft:dark_oak_log":7,"minecraft:spider_eye":1,"minecraft:light_gray_terracotta":13,"cobblemon:dawn_stone":1,"minecraft:rotten_flesh":4,"cobblemon:poke_ball":1,"minecraft:cyan_terracotta":220,"minecraft:coal":64,"minecraft:cobblestone":39,"minecraft:ender_pearl":2},"minecraft:killed_by":{"minecraft:player":1}},"DataVersion":3465}