{"stats":{"minecraft:custom":{"minecraft:time_since_rest":3720,"minecraft:crouch_one_cm":1876,"minecraft:play_time":3720,"minecraft:sprint_one_cm":11038,"minecraft:damage_taken":165,"minecraft:walk_one_cm":3879,"minecraft:sneak_time":305,"minecraft:walk_under_water_one_cm":248,"minecraft:drop":1,"minecraft:jump":109,"minecraft:damage_dealt":10,"minecraft:leave_game":2,"minecraft:time_since_death":3720,"minecraft:walk_on_water_one_cm":280,"minecraft:total_world_time":3720,"minecraft:swim_one_cm":4585,"minecraft:fall_one_cm":4389,"minecraft:fly_one_cm":34980},"minecraft:mined":{"minecraft:grass":8,"minecraft:dirt":2,"minecraft:tall_grass":2},"minecraft:used":{"minecraft:dirt":24},"minecraft:dropped":{"minecraft:wheat_seeds":1},"minecraft:picked_up":{"minecraft:wheat_seeds":1,"minecraft:dirt":24}},"DataVersion":3465}