{"stats":{"minecraft:custom":{"minecraft:interact_with_furnace":7,"minecraft:mob_kills":3,"minecraft:interact_with_crafting_table":10,"minecraft:pot_flower":2,"minecraft:interact_with_stonecutter":1,"minecraft:leave_game":1,"minecraft:time_since_death":39363,"minecraft:sleep_in_bed":4,"minecraft:climb_one_cm":2467,"minecraft:time_since_rest":6,"minecraft:sprint_one_cm":175514,"minecraft:walk_one_cm":127166,"minecraft:damage_taken":996,"minecraft:drop":12,"minecraft:damage_dealt":1668,"minecraft:swim_one_cm":27810,"minecraft:player_kills":4,"minecraft:fly_one_cm":945672,"minecraft:open_chest":3,"minecraft:crouch_one_cm":21880,"minecraft:play_time":71411,"minecraft:deaths":1,"minecraft:sneak_time":4264,"minecraft:walk_under_water_one_cm":1323,"minecraft:jump":1399,"minecraft:walk_on_water_one_cm":4247,"minecraft:total_world_time":71411,"minecraft:fall_one_cm":46083},"minecraft:killed":{"cobblemon:pokemon":3,"minecraft:player":4},"minecraft:broken":{"minecraft:iron_pickaxe":1},"minecraft:crafted":{"minecraft:raw_iron":198,"minecraft:crafting_table":1,"minecraft:wooden_pickaxe":1,"minecraft:furnace":1,"minecraft:birch_planks":16,"minecraft:stone_axe":1,"minecraft:air":0,"minecraft:iron_axe":1,"minecraft:stick":12,"minecraft:iron_ingot":16,"minecraft:iron_pickaxe":1,"minecraft:stone_pickaxe":1,"minecraft:wooden_axe":1,"minecraft:iron_shovel":1},"minecraft:picked_up":{"minecraft:birch_log":4,"minecraft:crafting_table":2,"minecraft:clay_ball":40,"minecraft:red_mushroom":2,"minecraft:dirt":7,"minecraft:oak_sign":2,"minecraft:wheat_seeds":4,"cobblemon:oran_berry":6,"cobblemon:relic_coin":29,"minecraft:calcite":121,"minecraft:flowering_azalea":1,"minecraft:stick":2,"minecraft:sweet_berries":11,"minecraft:torch":2,"minecraft:raw_iron_block":22,"betterend:flavolite_lantern":1,"minecraft:dark_oak_log":7,"minecraft:light_gray_terracotta":13,"minecraft:cyan_terracotta":220,"minecraft:coal":7,"minecraft:cobblestone":39},"minecraft:mined":{"minecraft:large_amethyst_bud":1,"minecraft:flowering_azalea":1,"minecraft:cyan_terracotta":220,"minecraft:dark_oak_log":7,"minecraft:crafting_table":2,"minecraft:clay":10,"minecraft:light_gray_terracotta":13,"minecraft:acacia_log":1,"minecraft:grass_block":7,"minecraft:calcite":130,"minecraft:tall_grass":1,"minecraft:red_mushroom":2,"minecraft:wall_torch":1,"minecraft:large_fern":10,"minecraft:tall_seagrass":1,"minecraft:raw_iron_block":22,"minecraft:birch_log":3,"minecraft:sweet_berry_bush":3,"minecraft:grass":19,"minecraft:coal_ore":7,"minecraft:stone":40,"minecraft:fern":1},"minecraft:killed_by":{"minecraft:player":1},"minecraft:dropped":{"minecraft:wheat_seeds":4,"minecraft:light_gray_terracotta":12,"minecraft:red_mushroom":2,"minecraft:stick":2,"minecraft:dirt":4,"minecraft:torch":2,"cobblemon:healing_machine":1,"cobblemon:pc":1},"minecraft:used":{"minecraft:calcite":65,"minecraft:cooked_mutton":10,"minecraft:iron_shovel":10,"minecraft:stone_pickaxe":130,"cobblemon:monitor":10,"minecraft:oak_planks":151,"minecraft:oak_sign":2,"betterend:helix_tree_fence":17,"minecraft:spruce_planks":1,"minecraft:wooden_pickaxe":9,"minecraft:stonecutter":1,"cobblemon:display_case":5,"minecraft:quartz_stairs":9,"minecraft:crafting_table":3,"minecraft:light_gray_terracotta":1,"cobblemon:restoration_tank":2,"minecraft:raw_iron_block":22,"minecraft:black_bed":2,"betternether:flaming_ruby_sword":4,"cobblemon:healing_machine":7,"betterend:end_lotus_chest":1,"minecraft:oak_log":33,"cobblemon:white_gilded_chest":6,"cobblemon:apricorn_leaves":7,"minecraft:wooden_axe":1,"minecraft:flower_pot":2,"minecraft:flowering_azalea":1,"betterend:flavolite_lantern":8,"minecraft:dark_oak_log":28,"minecraft:lantern":4,"minecraft:iron_axe":16,"minecraft:iron_pickaxe":304,"cobblemon:gimmighoul_chest":2,"minecraft:stone_axe":21,"cobblemon:pc":14,"betterend:helix_tree_stairs":27,"minecraft:sweet_berries":11,"cobblemon:fossil_analyzer":3,"minecraft:furnace":1}},"DataVersion":3465}