{"stats":{"minecraft:dropped":{"minecraft:birch_sapling":1,"minecraft:rotten_flesh":6,"projectvibrantjourneys:orange_bark_mushroom":4,"minecraft:wooden_axe":2,"minecraft:chest":1,"minecraft:oak_sapling":1,"minecraft:spider_eye":2,"minecraft:wooden_pickaxe":2,"minecraft:iron_shovel":2,"minecraft:lily_pad":1,"projectvibrantjourneys:bark_mushroom":1,"minecraft:bone":1},"minecraft:used":{"minecraft:moss_block":2,"minecraft:moss_carpet":2,"minecraft:stone_pickaxe":47,"minecraft:oak_planks":59,"minecraft:chest":8,"minecraft:wooden_pickaxe":10,"minecraft:oak_door":2,"minecraft:torch":13,"minecraft:dirt":2,"minecraft:crafting_table":3,"minecraft:milk_bucket":3,"minecraft:wooden_axe":1,"minecraft:bread":17,"minecraft:stone_axe":18,"minecraft:golden_sword":10,"minecraft:cobblestone":148,"minecraft:porkchop":2,"alexsmobs:animal_dictionary":1,"alexsmobs:leafcutter_ant_chamber":1},"minecraft:picked_up":{"minecraft:wooden_axe":1,"minecraft:crafting_table":1,"minecraft:wooden_pickaxe":1,"minecraft:oak_log":13,"minecraft:lily_pad":1,"minecraft:gunpowder":4,"projectvibrantjourneys:oak_hollow_log":1,"minecraft:dirt":2,"minecraft:moss_carpet":2,"minecraft:iron_shovel":3,"minecraft:bone":4,"minecraft:moss_block":1,"minecraft:chest":1,"minecraft:birch_sapling":1,"minecraft:oak_planks":3,"alexsmobs:leafcutter_ant_chamber":1,"minecraft:stick":2,"minecraft:raw_iron":2,"projectvibrantjourneys:bark_mushroom":1,"minecraft:torch":5,"minecraft:porkchop":6,"pointblank:gunmetal_nugget":19,"minecraft:dark_oak_log":3,"minecraft:spider_eye":2,"minecraft:rotten_flesh":11,"k_turrets:raw_titanium":4,"projectvibrantjourneys:orange_bark_mushroom":4,"minecraft:oak_sapling":1,"minecraft:coal":5,"minecraft:cobblestone":44,"minecraft:nautilus_shell":1},"minecraft:mined":{"minecraft:dark_oak_log":3,"minecraft:crafting_table":1,"projectvibrantjourneys:twigs":2,"minecraft:grass_block":2,"projectvibrantjourneys:mossy_rocks":1,"alexsmobs:leafcutter_ant_chamber":1,"minecraft:cobblestone":12,"minecraft:oak_planks":3,"minecraft:lily_pad":1,"minecraft:moss_block":1,"minecraft:wall_torch":5,"minecraft:tall_seagrass":3,"minecraft:iron_ore":2,"minecraft:moss_carpet":1,"minecraft:grass":5,"k_turrets:titanium_ore":4,"minecraft:oak_log":13,"minecraft:coal_ore":5,"minecraft:stone":32,"projectvibrantjourneys:oak_hollow_log":1,"minecraft:fern":1},"minecraft:killed":{"minecraft:pig":2,"alexsmobs:seagull":1,"minecraft:zombie":32,"minecraft:drowned":5},"minecraft:crafted":{"minecraft:oak_door":30,"minecraft:oak_planks":54,"minecraft:crafting_table":2,"minecraft:wooden_pickaxe":1,"minecraft:stone_axe":1,"minecraft:stick":16,"minecraft:iron_ingot":2,"minecraft:stone_pickaxe":1,"minecraft:wooden_axe":1,"minecraft:chest":8,"minecraft:dark_oak_planks":12,"minecraft:torch":20},"minecraft:custom":{"minecraft:mob_kills":40,"minecraft:interact_with_crafting_table":9,"minecraft:open_barrel":2,"minecraft:leave_game":1,"minecraft:time_since_death":71358,"minecraft:climb_one_cm":1651,"minecraft:time_since_rest":71358,"minecraft:sprint_one_cm":99801,"minecraft:damage_taken":559,"minecraft:walk_one_cm":108233,"minecraft:drop":17,"minecraft:damage_dealt":526,"minecraft:swim_one_cm":39951,"minecraft:fly_one_cm":129441,"minecraft:open_chest":9,"minecraft:crouch_one_cm":19042,"minecraft:play_time":71358,"minecraft:sneak_time":6121,"minecraft:walk_under_water_one_cm":9042,"minecraft:jump":782,"minecraft:walk_on_water_one_cm":27800,"minecraft:total_world_time":71358,"minecraft:fall_one_cm":21389}},"DataVersion":3465}